,math_scores,bio_scores,history_score,physics_scores,total_score,average_score
count,12.0,12.0,12.0,12.0,12.0,12.0
mean,66.66666666666667,56.75,63.833333333333336,64.58333333333333,251.83333333333334,62.958333333333336
std,27.72046612927427,27.535514258036756,29.408821599628705,34.21445290924272,85.48879068821441,21.372197672053602
min,25.0,18.0,20.0,18.0,98.0,24.5
25%,40.75,35.0,45.0,31.75,181.25,45.3125
50%,65.0,48.5,62.5,73.5,258.5,64.625
75%,96.25,80.5,90.0,95.75,320.75,80.1875
max,100.0,98.0,100.0,100.0,370.0,92.5
